_id,Forward_Sortation_Area,Name_of_Dog,Breed,Color,Ward_Number,Ward_Name,Bite_Circumstance,Location_of_Incident,Date_of_Dangerous_Act
1,M6R,CHLOE,BEAGLE MIX,TAN / WHITE,04,Parkdale-High Park,VERY SEVERE,PUBLIC PROPERTY,2017-03-09
2,M3M,OSO,AKITA,WHITE / BLACK,06,York Centre,SEVERE,PARK - LEASH REQUIRED AREA,2017-03-11
3,M4N,HOBBES,CANE CORSO / LABRADOR RETR,BR BRINDLE,15,Don Valley West,SEVERE,OWNERS PROPERTY,2017-03-18
4,M9W,HUNTER,GOLDEN RETR,GOLD,01,Etobicoke North,SEVERE,OTHER PRIVATE PROPERTY,2017-03-23
5,M1E,LILA,GERM SHEPHERD / AUST SHEPHERD,BLACK / TAN,25,Scarborough-Rouge Park,NON SEVERE,PARK - LEASH FREE AREA,2017-03-29
6,M6L,RUGER,GERM SHEPHERD,BLACK / RED,05,York South-Weston,SEVERE,OTHER PRIVATE PROPERTY,2017-04-13
7,M3H,BRODY,ALASKAN HUSKY MIX,GREY / WHITE,06,York Centre,NON SEVERE,PARK - LEASH FREE AREA,2017-04-16
8,M6R,TANGO,AUST SHEPHERD,RED MERLE,04,Parkdale-High Park,NON SEVERE,PUBLIC PROPERTY,2017-04-19
9,M1B,LEO,ROTTWEILER / BORDER COLLIE,BLACK / BROWN,23,Scarborough North,NON SEVERE,PARK - LEASH REQUIRED AREA,2017-04-26
10,M6G,BUSTER,POODLE STND / COCKER SPAN,BLACK / WHITE,12,Toronto-St. Paul's,SEVERE,OWNERS PROPERTY,2017-06-01
11,M1H,ENTEI,ROTTWEILER / GERM SHEPHERD,TRICOLOUR / TAN,24,Scarborough-Guildwood,SEVERE,OWNERS PROPERTY,2017-06-03
12,M2R,SEVEN,JINDO,WHITE,18,Willowdale,NON SEVERE,OTHER PRIVATE PROPERTY,2017-06-21
13,M6K,BRANDY,AM PIT BULL TER,WHITE / TAN,04,Parkdale-High Park,SEVERE,OTHER PRIVATE PROPERTY,2017-06-24
14,M1W,TIGER,BOXER / AMER BULLDOG,BROWN / WHITE,22,Scarborough-Agincourt,SEVERE,PARK - LEASH REQUIRED AREA,2017-06-25
15,M1B,LEO,GERM SHEPHERD,BLACK / TAN,25,Scarborough-Rouge Park,SEVERE,PUBLIC PROPERTY,2017-06-28
16,M4K,NEMO,SIBERIAN HUSKY,WHITE / GREY,14,Toronto-Danforth,SEVERE,PUBLIC PROPERTY,2017-08-02
17,M1L,TUCKER,DOBERMAN PINSCH / AUST SHEPHERD,BROWN / WHITE,20,Scarborough Southwest,NON SEVERE,OTHER PRIVATE PROPERTY,2017-08-14
18,M9L,DIESEL,CANE CORSO,BL BRINDLE,07,Humber River-Black Creek,NON SEVERE,OWNERS PROPERTY,2017-08-30
19,M4E,SOSA,STAFFORDSHIRE MIX,TAN,19,Beaches-East York,VERY SEVERE,PUBLIC PROPERTY,2017-09-08
20,M9A,ROCKY,GERM SHEPHERD MIX,BLACK / TAN,02,Etobicoke Centre,NON SEVERE,OWNERS PROPERTY,2017-09-29
21,M4J,MAX,GERM SHEPHERD,SABLE,14,Toronto-Danforth,NON SEVERE,PARK - LEASH FREE AREA,2017-10-02
22,M6N,MYA,ROTTWEILER,BLACK / TAN,05,York South-Weston,SEVERE,PUBLIC PROPERTY,2017-10-24
23,M4L,LUCY,BOXER MIX,BLACK / TAN,19,Beaches-East York,SEVERE,PARK - LEASH REQUIRED AREA,2017-10-24
24,M2N,ROSIE,ROTTWEILER,BLACK / TAN,18,Willowdale,SEVERE,OWNERS PROPERTY,2017-11-04
25,No FSA Info,DANNY,BELG MALINOIS MIX,BROWN / BLACK,,No Ward Info,NON SEVERE,OTHER PRIVATE PROPERTY,2018-02-11
26,M6N,CHINA,LABRADOR RETR / CHINESE SHARPEI,TAN / WHITE,09,Davenport,SEVERE,PARK - LEASH FREE AREA,2018-02-11
27,M4S,RONIN,ROTTWEILER,BLACK / TAN,12,Toronto-St. Paul's,NON SEVERE,OTHER PRIVATE PROPERTY,2018-02-25
28,M6M,DUCHESS,ROTTWEILER / STAFFORDSHIRE,BROWN / BLACK,05,York South-Weston,SEVERE,OTHER PRIVATE PROPERTY,2018-03-24
29,M1P,MOOKI,AKBASH / GERM SHEPHERD,TAN,21,Scarborough Centre,SEVERE,OTHER PRIVATE PROPERTY,2018-04-08
30,M1N,MAVIS,LABRADOR RETR / BORDER COLLIE,TRICOLOUR,20,Scarborough Southwest,SEVERE,PARK - LEASH FREE AREA,2018-04-18
31,M1L,TITAN,LABRADOR RETR / AMER BULLDOG,CHOCOLATE / WHITE,20,Scarborough Southwest,SEVERE,PARK - LEASH REQUIRED AREA,2018-04-21
32,M8Y,GEORGE,GOLDEN RETR / POODLE STND,CREAM / WHITE,03,Etobicoke-Lakeshore,SEVERE,PUBLIC PROPERTY,2018-05-23
33,M6M,ROCKY,BICHON FRISE / POODLE MIN,WHITE,05,York South-Weston,NON SEVERE,OWNERS PROPERTY,2018-05-24
34,M1E,ROMULUS,RHOD RIDGEBACK / GERM SHEPHERD,TAN,24,Scarborough-Guildwood,VERY SEVERE,OTHER PRIVATE PROPERTY,2018-06-02
35,M6A,BEAU,LABRADOR RETR,BLACK,08,Eglinton-Lawrence,VERY SEVERE,OTHER PRIVATE PROPERTY,2018-07-09
36,M6E,THEODORE,PUG / BOSTON TERRIER,BLACK / WHITE,09,Davenport,NON SEVERE,OWNERS PROPERTY,2018-07-23
37,M1W,SADIE,BOXER / GERM SHEPHERD,TAN,22,Scarborough-Agincourt,SEVERE,PUBLIC PROPERTY,2018-08-03
38,M1W,TORY,SHIH TZU,WHITE / GREY,22,Scarborough-Agincourt,NON SEVERE,OTHER PRIVATE PROPERTY,2018-08-14
39,M6A,PRINCE,LABRADOR RETR,BLACK,08,Eglinton-Lawrence,NON SEVERE,OWNERS PROPERTY,2018-08-15
40,M4B,TITAN,GERM SHEPHERD,BLACK / TAN,19,Beaches-East York,SEVERE,OTHER PRIVATE PROPERTY,2018-08-31
41,M2J,JAXSON,SIBERIAN HUSKY / GERM SHEPHERD,TAN / BLACK,17,Don Valley North,NAB,OTHER PRIVATE PROPERTY,2018-09-17
42,M4K,AIDEN,SC WHEAT TERR,WHITE,14,Toronto-Danforth,NON SEVERE,PUBLIC PROPERTY,2018-09-23
43,M8Y,DUTCH,MASTIFF / CANE CORSO,GREY / WHITE,03,Etobicoke-Lakeshore,SEVERE,PUBLIC PROPERTY,2018-10-29
44,M6M,TROUBLE,LABRADOR RETR,BLACK,05,York South-Weston,SEVERE,PUBLIC PROPERTY,2018-11-02
45,M9N,PONGO,MIN PINSCHER MIX,BLACK / TAN,05,York South-Weston,SEVERE,PUBLIC PROPERTY,2018-11-04
46,M4Y,ILA,BOXER / BULL TERRIER,FAWN,13,Toronto Centre,SEVERE,OTHER PRIVATE PROPERTY,2018-11-25
47,M9W,HUNTER,GERM SHEPHERD,BROWN / BLACK,01,Etobicoke North,SEVERE,PUBLIC PROPERTY,2019-01-18
48,M4H,BABE,LABRADOR RETR MIX,BLACK,15,Don Valley West,NOT A BITE,PUBLIC PROPERTY,2019-01-18
49,M4K,BRUNO,ROTTWEILER / GERM SHEPHERD,BLACK / TAN,14,Toronto-Danforth,SEVERE,OWNERS PROPERTY,2019-01-29
50,M4J,ELIE,GERM SHEPHERD,BROWN / BLACK,14,Toronto-Danforth,SEVERE,OWNERS PROPERTY,2019-02-10
51,M5N,TUX,TERRIER MIX,BLACK / WHITE,08,Eglinton-Lawrence,NON SEVERE,PUBLIC PROPERTY,2019-03-15
52,M2N,RILEY,DOBERMAN PINSCH,BLACK / TAN,18,Willowdale,SEVERE,PUBLIC PROPERTY,2019-03-24
53,M3A,BELLA,AMER BULLDOG MIX,BROWN,16,Don Valley East,VERY SEVERE,OTHER PRIVATE PROPERTY,2019-03-31
54,M8Y,TONY,AMER BULLDOG,WHITE / BLACK,03,Etobicoke-Lakeshore,SEVERE,PUBLIC PROPERTY,2019-04-01
55,M8V,BARKLEY,BORDER COLLIE / GOLDEN RETR,BLACK / WHITE,03,Etobicoke-Lakeshore,SEVERE,PUBLIC PROPERTY,2019-04-22
56,M9P,MILO,YORKSHIRE TERR / POODLE MIN,GOLD,01,Etobicoke North,NON SEVERE,OTHER PRIVATE PROPERTY,2019-04-24
57,M6H,MR. BROWN,BOXER / LABRADOR RETR,BROWN / WHITE,09,Davenport,NON SEVERE,PUBLIC PROPERTY,2019-05-08
58,M4M,BELLA,AUST CATTLE DOG / LABRADOR RETR,GREY / BLACK,14,Toronto-Danforth,SEVERE,OTHER PRIVATE PROPERTY,2019-05-14
59,M2H,RONIN,GERM SHEPHERD,BLACK / RED,17,Don Valley North,NON SEVERE,PUBLIC PROPERTY,2019-05-18
60,M1K,SCOOBY,MASTIFF MIX,BROWN / WHITE,20,Scarborough Southwest,SEVERE,OTHER PRIVATE PROPERTY,2019-06-07
61,M4Y,BO,GERM SHEPHERD,BEIGE / BLACK,13,Toronto Centre,SEVERE,PUBLIC PROPERTY,2019-06-11
62,M1H,ODIE,PARSON RUSS TER,WHITE / BROWN,24,Scarborough-Guildwood,NON SEVERE,OWNERS PROPERTY,2019-06-15
63,M3L,REX,GERM SHEPHERD MIX,BLACK / TAN,06,York Centre,SEVERE,PUBLIC PROPERTY,2019-06-18
64,M1B,CHARLI THASA,GERM SHEPHERD / LABRADOR RETR,BROWN / BLACK,25,Scarborough-Rouge Park,SEVERE,OTHER PRIVATE PROPERTY,2019-06-22
65,M6K,TUCKER,ENG COONHOUND,RED,04,Parkdale-High Park,SEVERE,OWNERS PROPERTY,2019-06-27
66,M5B,CLYDE,AMER BULLDOG / MASTIFF,BR BRINDLE / WHITE,13,Toronto Centre,NON SEVERE,OTHER PRIVATE PROPERTY,2019-07-01
67,M4A,CHARLIE,GERM SHEPHERD,BLACK / TAN,19,Beaches-East York,NON SEVERE,PUBLIC PROPERTY,2019-07-17
68,M1M,CHESTER,BULLMASTIFF,BROWN,20,Scarborough Southwest,SEVERE,OWNERS PROPERTY,2019-07-18
69,M3H,KANE,MASTIFF,FAWN / BLUE,06,York Centre,NON SEVERE,PUBLIC PROPERTY,2019-07-30
70,M1E,SHATTER,SIBERIAN HUSKY,BLACK / WHITE,25,Scarborough-Rouge Park,VERY SEVERE,OTHER PRIVATE PROPERTY,2019-08-03
71,M1E,ZION,MASTIFF,BROWN,25,Scarborough-Rouge Park,VERY SEVERE,OTHER PRIVATE PROPERTY,2019-08-03
72,M3B,JOSIE,COCKER SPAN,BLACK,15,Don Valley West,VERY SEVERE,PUBLIC PROPERTY,2019-09-23
73,M1S,ZHAZHA,GERM SHEPHERD,BLACK / YELLOW,23,Scarborough North,NOT A BITE,OWNERS PROPERTY,2019-10-10
74,M4N,SELA,WEIMARANER,GREY,15,Don Valley West,NON SEVERE,PARK - LEASH REQUIRED AREA,2019-10-21
75,M3C,MYSTIC,AMER BULLDOG / BULLMASTIFF,CHOCOLATE,16,Don Valley East,SEVERE,OTHER PRIVATE PROPERTY,2019-10-22
76,M1J,DIESEL,ROTTWEILER / BOXER,BROWN / WHITE,20,Scarborough Southwest,VERY SEVERE,OWNERS PROPERTY,2019-11-22
77,M2R,BAMBI,AMER BULLDOG,WHITE / BR BRINDLE,18,Willowdale,SEVERE,PUBLIC PROPERTY,2019-11-27
78,M4L,GUARDIAN,ROTTWEILER,BLACK,14,Toronto-Danforth,SEVERE,PUBLIC PROPERTY,2019-12-23
79,M1K,AURORA,BORDER COLLIE MIX,WHITE / BLACK,21,Scarborough Centre,NON SEVERE,OTHER PRIVATE PROPERTY,2020-02-06
80,M2M,BEAR,GERM SHEPHERD MIX,BLACK / TAN,18,Willowdale,SEVERE,PUBLIC PROPERTY,2020-02-21
81,M1E,DESIL,CANE CORSO / ROTTWEILER,BR BRINDLE,24,Scarborough-Guildwood,SEVERE,OTHER PRIVATE PROPERTY,2020-03-04
82,M1K,PRECIOUS,ROTTWEILER,BLACK / TAN,20,Scarborough Southwest,VERY SEVERE,OTHER PRIVATE PROPERTY,2020-03-22
83,M1M,JAX,AMER BULLDOG,WHITE / BROWN,20,Scarborough Southwest,NON SEVERE,PUBLIC PROPERTY,2020-04-05
84,M1W,KING,DOGO ARGENTINO,WHITE,22,Scarborough-Agincourt,SEVERE,PUBLIC PROPERTY,2020-05-03
85,M8V,XENA,LABRADOR RETR / GERM SHEPHERD,BEIGE,03,Etobicoke-Lakeshore,SEVERE,PARK - LEASH REQUIRED AREA,2020-06-09
86,M4L,HARLEY,BEAGLE,TAN / WHITE,19,Beaches-East York,NON SEVERE,PUBLIC PROPERTY,2020-06-11
87,M1P,NEVAH,BOXER,TAN,21,Scarborough Centre,SEVERE,PUBLIC PROPERTY,2020-06-11
88,M5P,CECIL,FRENCH BULLDOG,BLACK,12,Toronto-St. Paul's,SEVERE,PARK - LEASH REQUIRED AREA,2020-06-14
89,M9R,CHARLIE,AMER BULLDOG / ROTTWEILER,BROWN,01,Etobicoke North,SEVERE,PARK - LEASH REQUIRED AREA,2020-06-18
90,M1T,HENNY,LABRADOR RETR / AMER BULLDOG,BROWN / TAN,22,Scarborough-Agincourt,NON SEVERE,OTHER PRIVATE PROPERTY,2020-06-20
91,M1W,LEXY,BELG MALINOIS,BROWN / BLACK,22,Scarborough-Agincourt,SEVERE,PARK - LEASH REQUIRED AREA,2020-07-20
92,M4C,DEXTOR,BELG MALINOIS,BROWN,19,Beaches-East York,NON SEVERE,OWNERS PROPERTY,2020-07-23
93,M4V,PICASSO,COTON DE TULEAR,WHITE,12,Toronto-St. Paul's,NON SEVERE,OTHER PRIVATE PROPERTY,2020-07-28
94,M6M,CRONUS,MASTIFF / CANE CORSO,SABLE / BROWN,05,York South-Weston,SEVERE,OWNERS PROPERTY,2020-08-01
95,M6K,ZIGGY,HOUND,BLACK / BROWN,04,Parkdale-High Park,SEVERE,OTHER PRIVATE PROPERTY,2020-08-14
96,M2J,ROCCO,ALASKAN HUSKY,RED / WHITE,17,Don Valley North,SEVERE,PUBLIC PROPERTY,2020-08-31
97,M2J,LUNA,SIBERIAN HUSKY,WHITE / BLACK,17,Don Valley North,SEVERE,PUBLIC PROPERTY,2020-08-31
98,M4K,RABBIT,LABRADOR RETR / AMER BULLDOG,WHITE / TAN,14,Toronto-Danforth,SEVERE,PUBLIC PROPERTY,2020-09-03
99,M1K,MEEKA,AKITA,TAN / WHITE,21,Scarborough Centre,SEVERE,PUBLIC PROPERTY,2020-09-08
100,M4C,COCO,AMER BULLDOG,WHITE / BROWN,19,Beaches-East York,SEVERE,PARK - LEASH REQUIRED AREA,2020-09-13
101,M4J,ROCKY,BELG MALINOIS,BROWN,14,Toronto-Danforth,NON SEVERE,PUBLIC PROPERTY,2020-09-21
102,M4V,NETWORK,GERM SHEPHERD,BLACK / TAN,12,Toronto-St. Paul's,NON SEVERE,OWNERS PROPERTY,2020-09-23
103,M5A,BODHI,AMER BULLDOG,BROWN / WHITE,13,Toronto Centre,SEVERE,PARK - LEASH FREE AREA,2020-10-20
104,M5A,INDY,ALASKAN HUSKY / GERM SHEPHERD,BLACK / WHITE,13,Toronto Centre,SEVERE,PUBLIC PROPERTY,2020-11-09
105,M4E,SERA,GERM SHEPHERD / AMER BULLDOG,BR BRINDLE / WHITE,19,Beaches-East York,SEVERE,PUBLIC PROPERTY,2020-11-10
106,M1K,ZEUS,MASTIFF / DOGO ARGENTINO,BL BRINDLE / WHITE,20,Scarborough Southwest,SEVERE,OTHER PRIVATE PROPERTY,2020-11-15
107,M2J,MAJOR,AMER BULLDOG / ROTTWEILER,TAN,17,Don Valley North,NON SEVERE,PUBLIC PROPERTY,2020-12-19
108,M1V,LION,GERM SHEPHERD,BLACK / TAN,22,Scarborough-Agincourt,NON SEVERE,PUBLIC PROPERTY,2021-01-24
109,M9R,SASHA,AKITA,WHITE / TAN,01,Etobicoke North,SEVERE,PARK - LEASH REQUIRED AREA,2021-01-26
110,M8Z,SEVEN,CANE CORSO / AMER BULLDOG,FAWN,03,Etobicoke-Lakeshore,SEVERE,PUBLIC PROPERTY,2021-02-11
111,M3H,DASH,GERM SHEPHERD MIX,BLACK / BROWN,06,York Centre,NON SEVERE,PUBLIC PROPERTY,2021-02-21
112,M9A,ZEUS,AMER BULLDOG MIX,BLACK / WHITE,02,Etobicoke Centre,NON SEVERE,OTHER PRIVATE PROPERTY,2021-03-05
113,M6P,JAKE III,ROTTWEILER / AMER BULLDOG,BLACK / BROWN,04,Parkdale-High Park,NON SEVERE,OTHER PRIVATE PROPERTY,2021-03-06
114,M9B,KAI,MASTIFF,RED,02,Etobicoke Centre,NON SEVERE,OTHER PRIVATE PROPERTY,2021-03-18
115,M4J,XENA,AMER BULLDOG,BLACK,14,Toronto-Danforth,SEVERE,OTHER PRIVATE PROPERTY,2021-04-08
116,M4J,LULU,AMER BULLDOG,BROWN / WHITE,14,Toronto-Danforth,SEVERE,PUBLIC PROPERTY,2021-05-04
117,M6N,HABIBA,DOGO ARGENTINO,WHITE,05,York South-Weston,NON SEVERE,OTHER PRIVATE PROPERTY,2021-05-09
118,M6N,ZATAR,DOGO ARGENTINO,WHITE,05,York South-Weston,NON SEVERE,OTHER PRIVATE PROPERTY,2021-05-09
119,M3A,PEPPER,BOXER,BR BRINDLE / WHITE,16,Don Valley East,NOT A BITE,PUBLIC PROPERTY,2021-05-11
120,M6A,GREYDEE,COCKER SPAN,BLUE TICK,08,Eglinton-Lawrence,NOT A BITE,OTHER PRIVATE PROPERTY,2021-05-17
121,M3C,KUSH,BULLDOG MIX,BLACK / WHITE,16,Don Valley East,NON SEVERE,OWNERS PROPERTY,2021-06-02
122,M9R,JACK,BULLDOG,BLACK / WHITE,02,Etobicoke Centre,NON SEVERE,OTHER PRIVATE PROPERTY,2021-06-05
123,M1M,REX,GERM SHEPHERD,BLACK / TAN,20,Scarborough Southwest,SEVERE,OTHER PRIVATE PROPERTY,2021-06-09
124,M1R,LOVE,GREAT DANE,BROWN / WHITE,21,Scarborough Centre,NON SEVERE,OTHER PRIVATE PROPERTY,2021-06-19
125,M5R,BRADY,CANE CORSO,ORANGE / BL BRINDLE,11,University-Rosedale,SEVERE,OTHER PRIVATE PROPERTY,2021-06-21
126,M3B,SHADOW,GERM SHEPHERD,BLACK / YELLOW,16,Don Valley East,NON SEVERE,PUBLIC PROPERTY,2021-06-27
127,M3H,JACKSON,LABRADOR RETR MIX,BLACK / WHITE,06,York Centre,SEVERE,OWNERS PROPERTY,2021-07-11
128,M1L,ROMEO,BULL TERRIER,BLACK / WHITE,20,Scarborough Southwest,SEVERE,PUBLIC PROPERTY,2021-08-04
129,M1J,NAHLA,BOXER / CANE CORSO,BROWN / WHITE,21,Scarborough Centre,SEVERE,PARK - LEASH REQUIRED AREA,2021-08-22
130,M1V,TEDDY,CHOW CHOW,RED,23,Scarborough North,SEVERE,PUBLIC PROPERTY,2021-08-31
131,M1V,BLUE,CHOW CHOW,RED,23,Scarborough North,SEVERE,PUBLIC PROPERTY,2021-08-31
132,M1L,KODA,BELG MALINOIS,BROWN / BLACK,20,Scarborough Southwest,SEVERE,OTHER PRIVATE PROPERTY,2021-09-09
133,M4J,KLONDIKE,GREYHOUND,BUFF,14,Toronto-Danforth,SEVERE,OWNERS PROPERTY,2021-09-18
134,M3K,KHAN,BOXER / MASTIFF,BR BRINDLE,06,York Centre,NON SEVERE,PARK - LEASH REQUIRED AREA,2021-09-20
135,M6H,MYLES,AMERICAN STAFF / AMER BULLDOG,YELLOW,09,Davenport,SEVERE,OTHER PRIVATE PROPERTY,2021-09-24
136,M9C,MAGNUS,ROTTWEILER / GERM SHEPHERD,BLACK / TAN,02,Etobicoke Centre,NOT A BITE,OTHER PRIVATE PROPERTY,2021-10-06
137,M1N,ZEUS,BULLMASTIFF MIX,BR BRINDLE,20,Scarborough Southwest,NON SEVERE,PUBLIC PROPERTY,2021-10-07
138,M1B,PRINCE,BOXER,BROWN,23,Scarborough North,SEVERE,PUBLIC PROPERTY,2021-10-07
139,M6G,RUSTY,BORDER COLLIE / MASTIFF,BLACK / WHITE,11,University-Rosedale,SEVERE,OTHER PRIVATE PROPERTY,2021-10-11
140,M4E,SHEWY,DOGO ARGENTINO,WHITE,19,Beaches-East York,SEVERE,OTHER PRIVATE PROPERTY,2021-10-27
141,M9A,RYE,CHOW CHOW / LABRADOR RETR,YELLOW,02,Etobicoke Centre,NON SEVERE,PUBLIC PROPERTY,2021-11-13
142,M4Y,STALLION,AKITA,CREAM / WHITE,11,University-Rosedale,SEVERE,OTHER PRIVATE PROPERTY,2021-12-02
143,M5V,CAPO,AMER BULLDOG,BROWN / TAN,10,Spadina-Fort York,SEVERE,OTHER PRIVATE PROPERTY,2021-12-04
144,M6B,RICO,MASTIFF,BLACK / WHITE,08,Eglinton-Lawrence,SEVERE,PUBLIC PROPERTY,2021-12-21
145,M6B,,MASTIFF,BLACK,08,Eglinton-Lawrence,VERY SEVERE,PUBLIC PROPERTY,2021-12-21
146,M1S,ZEUS,DOGO ARGENTINO,WHITE,22,Scarborough-Agincourt,SEVERE,OTHER PRIVATE PROPERTY,2022-01-12
147,M2N,JOEY,GERM SHEPHERD,TAN / BLACK,18,Willowdale,NON SEVERE,PUBLIC PROPERTY,2022-01-13
148,M4L,MAYA,LABRADOR RETR / BOSTON TERRIER,BLACK / WHITE,14,Toronto-Danforth,SEVERE,PARK - LEASH REQUIRED AREA,2022-01-19
149,M4A,GRIFFIN,ROTTWEILER / LABRADOR RETR,BR BRINDLE / BLACK,16,Don Valley East,NON SEVERE,PARK - LEASH FREE AREA,2022-01-26
150,M9R,VENOM,BELG MALINOIS,BROWN / BLACK,02,Etobicoke Centre,SEVERE,OTHER PRIVATE PROPERTY,2022-02-02
151,M9M,BONES,BORDER COLLIE / LABRADOR RETR,BLACK / WHITE,07,Humber River-Black Creek,NON SEVERE,PUBLIC PROPERTY,2022-02-10
152,M4C,HUNDO,GERM SHEPHERD / LABRADOR RETR,BLACK / BROWN,19,Beaches-East York,NOT A BITE,OTHER PRIVATE PROPERTY,2022-02-20
153,M5J,TATSU,AKITA,WHITE / BLACK,10,Spadina-Fort York,NON SEVERE,PUBLIC PROPERTY,2022-03-15
154,M3J,MILO,AMER BULLDOG,BR BRINDLE / WHITE,07,Humber River-Black Creek,NON SEVERE,PUBLIC PROPERTY,2022-03-18
155,M2K,SHADOW,AUST SHEPHERD,TRICOLOUR / BLACK,18,Willowdale,SEVERE,PUBLIC PROPERTY,2022-03-20
156,M2P,MAX,ROTTWEILER,BLACK / TAN,15,Don Valley West,SEVERE,PUBLIC PROPERTY,2022-04-08
157,M4W,ODIN,SIBERIAN HUSKY,GREY / WHITE,11,University-Rosedale,NON SEVERE,PUBLIC PROPERTY,2022-04-23
158,M5P,PURPLE,LABRADOR RETR / ROTTWEILER,BLACK / WHITE,12,Toronto-St. Paul's,SEVERE,OTHER PRIVATE PROPERTY,2022-04-24
159,M4T,BROCCOLI,CAROLINA DOG MIX,TAN,12,Toronto-St. Paul's,SEVERE,OTHER PRIVATE PROPERTY,2022-04-25
160,M6A,RAIDEN,DOGO ARGENTINO / AMER BULLDOG,WHITE,08,Eglinton-Lawrence,VERY SEVERE,PUBLIC PROPERTY,2022-05-09
161,M4J,KING,ROTTWEILER,BLACK / BROWN,14,Toronto-Danforth,SEVERE,PARK - LEASH FREE AREA,2022-05-11
162,M4J,BLICKY,AMER BULLDOG,GREY / WHITE,14,Toronto-Danforth,NON SEVERE,PARK - LEASH FREE AREA,2022-05-13
163,M6R,MAIA,ROTTWEILER / LABRADOR RETR,BLACK / TAN,04,Parkdale-High Park,SEVERE,PUBLIC PROPERTY,2022-05-14
164,M2J,PABLO,OLD ENG BULLDOG,BLUE,17,Don Valley North,SEVERE,OTHER PRIVATE PROPERTY,2022-05-17
165,M4V,BEATRIX,WEIMARANER,GREY,12,Toronto-St. Paul's,SEVERE,PUBLIC PROPERTY,2022-05-20
166,M5R,MOOSE,BOSTON TERRIER,BROWN / WHITE,12,Toronto-St. Paul's,SEVERE,PUBLIC PROPERTY,2022-05-27
167,M2J,BIG BOY,CANE CORSO,BR BRINDLE / GREY,17,Don Valley North,SEVERE,PUBLIC PROPERTY,2022-06-06
168,M4J,SHYLA,AMER BULLDOG MIX,BROWN,14,Toronto-Danforth,SEVERE,OTHER PRIVATE PROPERTY,2022-06-09
169,M9N,PATRON,CANE CORSO MIX,GREY,05,York South-Weston,SEVERE,OWNERS PROPERTY,2022-06-12
170,M9N,REINA,AMER BULLDOG MIX,GREY,05,York South-Weston,SEVERE,OWNERS PROPERTY,2022-06-12
171,M6K,KEIKO,WHIPPET / VIZSLA,BROWN,10,Spadina-Fort York,SEVERE,PUBLIC PROPERTY,2022-06-14
172,M1L,MOLLY,LABRADOR RETR,YELLOW,20,Scarborough Southwest,SEVERE,PUBLIC PROPERTY,2022-06-15
173,M4P,KATO,CHOW CHOW / SIBERIAN HUSKY,TAN,15,Don Valley West,NOT A BITE,OTHER PRIVATE PROPERTY,2022-06-22
174,M1N,MAKEUP,BULLMASTIFF / AM PIT BULL TER,BROWN / WHITE,20,Scarborough Southwest,NON SEVERE,PARK - LEASH FREE AREA,2022-06-24
175,M1C,ANUBIS,SIBERIAN HUSKY / AKITA,GREY / BLACK,25,Scarborough-Rouge Park,SEVERE,PARK - LEASH REQUIRED AREA,2022-06-30
176,M5A,BEAR,SIBERIAN HUSKY / GERM SHEPHERD,GREY / BLACK,13,Toronto Centre,SEVERE,OTHER PRIVATE PROPERTY,2022-07-01
177,M4G,CASSIE,GOLDEN RETR,GOLD,15,Don Valley West,SEVERE,PARK - LEASH REQUIRED AREA,2022-07-02
178,M6B,DIGGY,ROTTWEILER / MASTIFF,RED,08,Eglinton-Lawrence,SEVERE,PUBLIC PROPERTY,2022-07-03
179,M2J,KALI,AMER BULLDOG,BROWN / WHITE,17,Don Valley North,SEVERE,PUBLIC PROPERTY,2022-07-06
180,M2M,BLUE,BULLMASTIFF,BROWN,18,Willowdale,SEVERE,OWNERS PROPERTY,2022-07-09
181,M4L,LUNA,ROTTWEILER,BLACK / TAN,14,Toronto-Danforth,NON SEVERE,PUBLIC PROPERTY,2022-07-09
182,M4M,FIN,GERM SHEPHERD,BLACK,14,Toronto-Danforth,SEVERE,OWNERS PROPERTY,2022-07-14
183,M5R,CAROL,SIBERIAN HUSKY,BLACK / WHITE,12,Toronto-St. Paul's,SEVERE,PUBLIC PROPERTY,2022-07-14
184,M4L,BELLA,SHIH TZU,BLACK,14,Toronto-Danforth,NON SEVERE,OTHER PRIVATE PROPERTY,2022-07-20
185,M4B,REMY,ROTTWEILER,BLACK / TAN,19,Beaches-East York,SEVERE,OTHER PRIVATE PROPERTY,2022-07-20
186,M4C,SAPHIRE,AMER BULLDOG,TAN / WHITE,19,Beaches-East York,SEVERE,PUBLIC PROPERTY,2022-07-25
187,M6C,KAIBO,PORT WATER DOG,BLACK / WHITE,12,Toronto-St. Paul's,NON SEVERE,OTHER PRIVATE PROPERTY,2022-07-26
188,M2J,SKY,BORDER COLLIE / LABRADOR RETR,RED / WHITE,17,Don Valley North,NON SEVERE,PUBLIC PROPERTY,2022-07-26
189,M4X,ROLO,ENG BULLDOG / BOXER,TAN / WHITE,13,Toronto Centre,NON SEVERE,OTHER PRIVATE PROPERTY,2022-07-28
190,M4L,KEELOW,BULLMASTIFF,BR BRINDLE / WHITE,14,Toronto-Danforth,SEVERE,PUBLIC PROPERTY,2022-07-28
191,M3J,TACO,SIBERIAN HUSKY,BROWN / WHITE,06,York Centre,SEVERE,PUBLIC PROPERTY,2022-07-31
192,M2P,CHARLOTTE,GERM SHEPHERD MIX,BLACK,15,Don Valley West,NON SEVERE,PUBLIC PROPERTY,2022-08-04
193,M1B,MERCY,MASTIFF MIX,BLACK / BROWN,25,Scarborough-Rouge Park,SEVERE,PUBLIC PROPERTY,2022-08-12
194,L9C,BRUNA,RUSSIAN TERRIER,BLACK,04,Parkdale-High Park,NON SEVERE,OTHER PRIVATE PROPERTY,2022-08-15
195,M4X,PEACHES,AM PIT BULL TER / LABRADOR RETR,TAN / WHITE,13,Toronto Centre,SEVERE,PARK - LEASH FREE AREA,2022-08-22
196,M4X,BLUE,AMER BULLDOG / BOXER,GREY / WHITE,13,Toronto Centre,SEVERE,PARK - LEASH FREE AREA,2022-08-22
197,M2J,FUGUI,ENG BULLDOG,TRICOLOUR / WHITE,17,Don Valley North,NOT A BITE,OTHER PRIVATE PROPERTY,2022-08-25
198,M1V,SATCHEL,SC WHEAT TERR,CREAM,23,Scarborough North,SEVERE,OTHER PRIVATE PROPERTY,2022-08-28
199,M1S,BENTLEY,OLDENG SHEEPDOG / POODLE STND,BLACK / WHITE,22,Scarborough-Agincourt,SEVERE,OTHER PRIVATE PROPERTY,2022-08-28
200,M1G,SABER,BORDER COLLIE / AUST CATTLE DOG,BLACK / WHITE,24,Scarborough-Guildwood,SEVERE,OWNERS PROPERTY,2022-08-29
201,M4M,FELIX,GERM SHEPHERD MIX,BLACK / TAN,14,Toronto-Danforth,SEVERE,PUBLIC PROPERTY,2022-09-04
202,M4M,SAM,SIBERIAN HUSKY MIX,WHITE / BLACK,14,Toronto-Danforth,SEVERE,PUBLIC PROPERTY,2022-09-04
203,M5V,STANLEY,ROTTWEILER / LABRADOR RETR,BROWN / BLACK,10,Spadina-Fort York,NON SEVERE,PARK - LEASH FREE AREA,2022-09-06
204,M3B,PEANUT,GOLDEN RETR / BASSET HOUND,TAN,16,Don Valley East,SEVERE,PUBLIC PROPERTY,2022-09-17
205,M4M,ESME,OLD ENG BULLDOG,WHITE / BLACK,14,Toronto-Danforth,SEVERE,PUBLIC PROPERTY,2022-09-17
206,M6S,ROMAN,BULLMASTIFF / PRESA CANARIO,FAWN,04,Parkdale-High Park,NON SEVERE,PUBLIC PROPERTY,2022-09-26
207,M4H,MAYA,AM PIT BULL TER / ENG BULLDOG,TAN / WHITE,15,Don Valley West,NON SEVERE,OTHER PRIVATE PROPERTY,2022-10-01
208,M6M,FRANKLIN,POODLE STND,BR BRINDLE,05,York South-Weston,SEVERE,PUBLIC PROPERTY,2022-10-05
209,M4C,DICE,AMER BULLDOG MIX,BLACK / WHITE,19,Beaches-East York,SEVERE,PUBLIC PROPERTY,2022-10-12
210,M5T,BELLA,ROTTWEILER / GERM SHEPHERD,BROWN / RED,10,Spadina-Fort York,NOT A BITE,OTHER PRIVATE PROPERTY,2022-10-18
211,M3N,BONNIE,AM PIT BULL TER / ENG BULLDOG,GREY / WHITE,07,Humber River-Black Creek,SEVERE,PARK - LEASH REQUIRED AREA,2022-10-20
212,M2L,ARCHIE,GERM SHEPHERD,BLACK / GOLD,15,Don Valley West,SEVERE,PUBLIC PROPERTY,2022-10-20
213,M9P,MAGNOLIA,ROTTWEILER / GERM SHEPHERD,BLACK / WHITE,01,Etobicoke North,SEVERE,OTHER PRIVATE PROPERTY,2022-10-23
214,M2J,RICK,GERM SHEPHERD,BLACK / BROWN,17,Don Valley North,NOT A BITE,OTHER PRIVATE PROPERTY,2022-10-25
215,M1E,XENA,PRESA CANARIO,TAN / BLACK,24,Scarborough-Guildwood,SEVERE,PUBLIC PROPERTY,2022-10-25
216,M2N,BACON,GERM SHEPHERD,TAN / BLACK,18,Willowdale,SEVERE,PUBLIC PROPERTY,2022-10-31
217,M8W,TIBERIUS,ROTTWEILER,BLACK / TAN,03,Etobicoke-Lakeshore,SEVERE,PUBLIC PROPERTY,2022-11-06
218,M1T,KILO,AM PIT BULL TER / ENG BULLDOG,GREY / WHITE,22,Scarborough-Agincourt,NON SEVERE,OTHER PRIVATE PROPERTY,2022-11-08
219,M3M,QUEENIE,AM PIT BULL TER / ENG BULLDOG,TAN,06,York Centre,NON SEVERE,PUBLIC PROPERTY,2022-12-04
220,M2J,DIESEL,GERM SHEPHERD,BLACK / TAN,17,Don Valley North,NON SEVERE,PARK - LEASH REQUIRED AREA,2022-12-06
221,M1W,JACK,CANE CORSO,BLACK / WHITE,22,Scarborough-Agincourt,SEVERE,PUBLIC PROPERTY,2022-12-11
222,M4L,SAM,LABRADOR RETR,FAWN,14,Toronto-Danforth,SEVERE,PUBLIC PROPERTY,2022-12-22
223,M6M,LAILA,CANE CORSO / GOLDEN RETR,BLACK,05,York South-Weston,SEVERE,OTHER PRIVATE PROPERTY,2023-01-05
224,M6J,MABEL,HOUND / BEAGLE,WHITE / BLACK,11,University-Rosedale,SEVERE,PARK - LEASH REQUIRED AREA,2023-01-12
225,M4L,RIVER,SPINONE ITAL,CREAM,19,Beaches-East York,SEVERE,PARK - LEASH REQUIRED AREA,2023-01-17
226,M1H,MOLLY,GERM SHEPHERD MIX,BLACK / TAN,24,Scarborough-Guildwood,SEVERE,PUBLIC PROPERTY,2023-02-20
227,M4K,BISHOP,GERM SH POINT,BROWN / WHITE,14,Toronto-Danforth,VERY SEVERE,PUBLIC PROPERTY,2023-02-21
228,M5A,BONNIE,AMER BULLDOG,BROWN / WHITE,13,Toronto Centre,SEVERE,OTHER PRIVATE PROPERTY,2023-02-22
229,M1M,PRINCE,AMER BULLDOG,WHITE / BROWN,20,Scarborough Southwest,SEVERE,OTHER PRIVATE PROPERTY,2023-03-09
230,M3C,PYRO,ROTTWEILER / GERM SHEPHERD,BLACK / TAN,16,Don Valley East,SEVERE,OTHER PRIVATE PROPERTY,2023-03-27
231,M4P,CHARLES,GREAT PYRENEES / GOLDEN RETR,WHITE,12,Toronto-St. Paul's,NON SEVERE,PUBLIC PROPERTY,2023-03-31
232,M2K,GHOST,GERM SHEPHERD,BLACK,17,Don Valley North,SEVERE,PUBLIC PROPERTY,2023-04-08
233,M4C,CALLIE,BULLMASTIFF,BLACK / WHITE,19,Beaches-East York,NON SEVERE,PUBLIC PROPERTY,2023-04-13
234,M1J,MOOSE,CANE CORSO,TAN / GREY,21,Scarborough Centre,NOT A BITE,PUBLIC PROPERTY,2023-04-16
235,M3J,TYSON,AMER BULLDOG,BLACK / WHITE,06,York Centre,NOT A BITE,PUBLIC PROPERTY,2023-04-20
236,M3J,ROMMEL,GERM SHEPHERD,BROWN / BLACK,07,Humber River-Black Creek,SEVERE,OTHER PRIVATE PROPERTY,2023-04-23
237,M5M,HARLEY,AMER BULLDOG,BR BRINDLE,08,Eglinton-Lawrence,NON SEVERE,PUBLIC PROPERTY,2023-04-27
238,M6P,SHIKA,PATTERDALE TERR / AM PIT BULL TER,BLUE / GREY,04,Parkdale-High Park,SEVERE,PUBLIC PROPERTY,2023-04-28
239,M3L,BEAR,BORDER COLLIE / LABRADOR RETR,BLACK / WHITE,07,Humber River-Black Creek,NON SEVERE,OTHER PRIVATE PROPERTY,2023-05-01
240,M9A,TRIXIE,LABRADOR RETR / AM PIT BULL TER,BLACK / BR BRINDLE,02,Etobicoke Centre,SEVERE,OTHER PRIVATE PROPERTY,2023-05-02
241,M9A,TYSON,LABRADOR RETR / AM PIT BULL TER,BLACK,02,Etobicoke Centre,SEVERE,OTHER PRIVATE PROPERTY,2023-05-02
242,M5T,ZEPPELIN,GERM SHEPHERD,BLACK / TAN,11,University-Rosedale,NON SEVERE,OTHER PRIVATE PROPERTY,2023-05-09
243,M4L,DAISY,GERM SHEPHERD / LABRADOR RETR,BLACK / TAN,19,Beaches-East York,SEVERE,PARK - LEASH REQUIRED AREA,2023-05-11
244,M4J,LADY,GOLDEN RETR / POODLE STND,WHITE,14,Toronto-Danforth,SEVERE,PUBLIC PROPERTY,2023-05-14
245,M9R,TIA,AMER BULLDOG,BLACK / WHITE,01,Etobicoke North,SEVERE,OTHER PRIVATE PROPERTY,2023-05-23
246,M1K,BEAR,GERM SHEPHERD MIX,TAN / WHITE,20,Scarborough Southwest,SEVERE,PUBLIC PROPERTY,2023-06-04
247,M1W,LUNA,FILA,BR BRINDLE / WHITE,22,Scarborough-Agincourt,NOT A BITE,PUBLIC PROPERTY,2023-06-06
248,M3J,NALA,AMER BULLDOG,BEIGE / WHITE,06,York Centre,NON SEVERE,PUBLIC PROPERTY,2023-06-14
249,M4J,FRIDA,AUST SHEPHERD,TRICOLOUR,14,Toronto-Danforth,NON SEVERE,PARK - LEASH REQUIRED AREA,2023-06-18
250,M6B,TYSON,POODLE STND / GOLDEN RETR,TAN,08,Eglinton-Lawrence,SEVERE,PUBLIC PROPERTY,2023-06-21
251,M4S,GIGI,AM PIT BULL TER / LABRADOR RETR,TRICOLOUR,12,Toronto-St. Paul's,SEVERE,PUBLIC PROPERTY,2023-06-23
252,M6H,VENTURE,GOLDEN RETR,GOLD,09,Davenport,SEVERE,PUBLIC PROPERTY,2023-06-25
253,M1R,HERCEG,MASTIFF,TAN / BLACK,21,Scarborough Centre,SEVERE,OTHER PRIVATE PROPERTY,2023-06-25
254,M1G,MAZIKEEN,LABRADOR RETR / AMER BULLDOG,BLACK,24,Scarborough-Guildwood,SEVERE,PUBLIC PROPERTY,2023-06-28
255,M1G,REIGN,BELG MALINOIS / DUTCH SHEPHERD,BROWN / TAN,24,Scarborough-Guildwood,SEVERE,PUBLIC PROPERTY,2023-06-28
256,M1G,CHARLIE,SIBERIAN HUSKY MIX,BR BRINDLE / WHITE,24,Scarborough-Guildwood,SEVERE,PUBLIC PROPERTY,2023-06-28
257,M6G,MAX,BULLDOG MIX,BLACK / WHITE,12,Toronto-St. Paul's,SEVERE,PARK - LEASH REQUIRED AREA,2023-06-29
258,M3A,FREYJA,AMER BULLDOG MIX,FAWN,16,Don Valley East,VERY SEVERE,OTHER PRIVATE PROPERTY,2023-06-29
259,M3A,ODIN,PRESA CANARIO,BL BRINDLE,16,Don Valley East,VERY SEVERE,OTHER PRIVATE PROPERTY,2023-06-29
260,M1M,COLD AS ICE (ARTIC),LABRADOR RETR,BLACK / WHITE,20,Scarborough Southwest,SEVERE,PARK - LEASH REQUIRED AREA,2023-06-30
261,M9C,LUCIFER,ENG BULLDOG / AM PIT BULL TER,FAWN / WHITE,02,Etobicoke Centre,NOT A BITE,PARK - LEASH REQUIRED AREA,2023-07-03
262,M3A,ARCHIE,PRESA CANARIO,BR BRINDLE / WHITE,16,Don Valley East,SEVERE,OTHER PRIVATE PROPERTY,2023-07-04
263,M6E,PRINCE,LABRADOR RETR / RHOD RIDGEBACK,APRICOT / BLACK,09,Davenport,SEVERE,PARK - LEASH FREE AREA,2017-02-21
264,M8W,KUSH,CANE CORSO,BLACK / BL BRINDLE,03,Etobicoke-Lakeshore,NON SEVERE,OTHER PRIVATE PROPERTY,2023-07-07
265,M1C,JADE,BOXER,TAN / WHITE,25,Scarborough-Rouge Park,NOT A BITE,PARK - LEASH REQUIRED AREA,2023-07-10
266,M4K,DRACO,ROTTWEILER / GERM SHEPHERD,BLACK / BROWN,14,Toronto-Danforth,NON SEVERE,PUBLIC PROPERTY,2023-07-18
267,M2M,HEICHU,BORDER COLLIE,BLACK / WHITE,18,Willowdale,NOT A BITE,OTHER PRIVATE PROPERTY,2023-07-18
268,M4K,REMY,ROTTWEILER MIX,BLACK,14,Toronto-Danforth,NON SEVERE,PUBLIC PROPERTY,2023-07-18
269,M5A,REX,ROTTWEILER,BLACK / TAN,13,Toronto Centre,SEVERE,OTHER PRIVATE PROPERTY,2023-07-19
270,M1L,ATHENA,MASTIFF / ROTTWEILER,BROWN / WHITE,20,Scarborough Southwest,NOT A BITE,PUBLIC PROPERTY,2023-07-25
271,M6S,TILDA,BULL TERRIER,BR BRINDLE / WHITE,04,Parkdale-High Park,SEVERE,PARK - LEASH REQUIRED AREA,2023-07-30
272,M6R,HENRY,LABRADOR RETR / JINDO,TAN,04,Parkdale-High Park,SEVERE,PUBLIC PROPERTY,2023-08-01
273,M1S,ZEUS,AMER BULLDOG / CHOW CHOW,BLACK,23,Scarborough North,SEVERE,PARK - LEASH REQUIRED AREA,2023-08-02
274,M1S,COOKIE,AMER BULLDOG / CHOW CHOW,BR BRINDLE,23,Scarborough North,VERY SEVERE,PARK - LEASH REQUIRED AREA,2023-08-02
275,M1S,BLANCA,AMER BULLDOG / CHOW CHOW,WHITE / BROWN,23,Scarborough North,SEVERE,PARK - LEASH REQUIRED AREA,2023-08-02
276,M1E,RAGZ,BERNESE MTN DOG / POODLE STND,BLACK / WHITE,25,Scarborough-Rouge Park,SEVERE,PUBLIC PROPERTY,2023-08-12
277,M4J,OAKLEY,REDBONE HOUND,RED,14,Toronto-Danforth,NON SEVERE,PUBLIC PROPERTY,2023-08-14
278,M5S,LOKI,GOLDEN RETR / POODLE TOY,BLACK,11,University-Rosedale,NOT A BITE,PUBLIC PROPERTY,2023-08-16
279,M3C,ARCHIE,AMER BULLDOG / MASTIFF,GREY,16,Don Valley East,VERY SEVERE,OTHER PRIVATE PROPERTY,2023-08-20
280,M6C,MONTY,POODLE STND / BELG MALINOIS,BLACK,09,Davenport,SEVERE,PUBLIC PROPERTY,2023-08-28
281,M3H,NALA,LABRADOR RETR,BLACK,06,York Centre,SEVERE,PARK - LEASH REQUIRED AREA,2023-09-01
282,M1E,LEVI,GERM SHEPHERD / SIBERIAN HUSKY,BLACK / WHITE,24,Scarborough-Guildwood,NOT A BITE,PUBLIC PROPERTY,2023-09-01
283,M1L,MOTTO,AMER BULLDOG MIX,GREY / WHITE,20,Scarborough Southwest,SEVERE,PUBLIC PROPERTY,2023-09-04
284,M8W,PHOENIX,MASTIFF MIX,TAN,03,Etobicoke-Lakeshore,NON SEVERE,PUBLIC PROPERTY,2023-09-07
285,M6G,MANDO,AUST SHEPHERD,BROWN / WHITE,12,Toronto-St. Paul's,SEVERE,OTHER PRIVATE PROPERTY,2023-09-10
286,M1M,SIMBA,GOLDEN RETR,GOLD,20,Scarborough Southwest,SEVERE,PUBLIC PROPERTY,2023-09-10
287,M6M,ICE,AMER BULLDOG / CHINESE SHARPEI,BROWN / WHITE,05,York South-Weston,NON SEVERE,OTHER PRIVATE PROPERTY,2023-09-16
288,M8W,NALA,AMER BULLDOG MIX,BR BRINDLE / WHITE,03,Etobicoke-Lakeshore,SEVERE,OTHER PRIVATE PROPERTY,2023-09-16
289,M5P,DOJI,AUST CATTLE DOG / ROTTWEILER,RED / TAN,12,Toronto-St. Paul's,SEVERE,PUBLIC PROPERTY,2023-09-26
290,M3A,ASYA,SIBERIAN HUSKY,BROWN / WHITE,16,Don Valley East,SEVERE,PUBLIC PROPERTY,2023-10-03
291,M9C,NAIROBI,AMER BULLDOG,WHITE / TAN,02,Etobicoke Centre,SEVERE,PUBLIC PROPERTY,2023-10-07
292,M1E,LUNA,GERM SHEPHERD / LABRADOR RETR,BLACK,24,Scarborough-Guildwood,SEVERE,OTHER PRIVATE PROPERTY,2023-10-09
293,M4S,GIGI,ALASKAN HUSKY,BLACK,12,Toronto-St. Paul's,NON SEVERE,PUBLIC PROPERTY,2023-10-12
294,M9B,MAX,GOLDEN RETR,GOLD,02,Etobicoke Centre,NON SEVERE,OTHER PRIVATE PROPERTY,2023-10-13
295,M5R,TITAN,AMER BULLDOG / AMERICAN STAFF,GREY / WHITE,11,University-Rosedale,NON SEVERE,OTHER PRIVATE PROPERTY,2023-10-20
296,M5V,ARCHER,ROTTWEILER,BLACK / TAN,10,Spadina-Fort York,SEVERE,PARK - LEASH REQUIRED AREA,2023-10-27
297,M6M,LEO,PARSON RUSS TER / SHIH TZU,TAN,05,York South-Weston,NOT A BITE,PUBLIC PROPERTY,2023-10-29
298,M4C,WHEELER,LABRADOR RETR / BOXER,BLACK / WHITE,19,Beaches-East York,SEVERE,PUBLIC PROPERTY,2023-11-05
299,M1K,EXO/AXEL,ROTTWEILER / LABRADOR RETR,BLACK / BROWN,20,Scarborough Southwest,NON SEVERE,PUBLIC PROPERTY,2023-11-15
300,M9R,LYRYX,GERM SHEPHERD,BLACK,01,Etobicoke North,SEVERE,OWNERS PROPERTY,2023-11-24
301,M3C,CHARLIE,LABRADOR RETR,TAN / WHITE,16,Don Valley East,NOT A BITE,PUBLIC PROPERTY,2023-11-26
302,M6A,PENNY,GERM SHEPHERD / COLLIE SMOOTH,BLACK / BROWN,08,Eglinton-Lawrence,SEVERE,PUBLIC PROPERTY,2023-11-26
303,M6J,GUNNAR,CANE CORSO MIX,FAWN,10,Spadina-Fort York,NON SEVERE,PARK - LEASH FREE AREA,2023-11-28
304,M3L,KYRO,BOXER / DOGO ARGENTINO,BR BRINDLE,07,Humber River-Black Creek,NOT A BITE,OTHER PRIVATE PROPERTY,2023-12-07
305,M9P,ROCCO,AM PIT BULL TER / ENG BULLDOG,TAN / WHITE,02,Etobicoke Centre,NON SEVERE,PUBLIC PROPERTY,2023-12-11
306,M1N,ZORRO,GERM SHEPHERD,BLACK / BROWN,20,Scarborough Southwest,NON SEVERE,PUBLIC PROPERTY,2023-07-07
307,M8Y,BRADY,ROTTWEILER,BLACK / BROWN,03,Etobicoke-Lakeshore,NOT A BITE,OTHER PRIVATE PROPERTY,2023-12-17
308,M2H,BENNY,AMER BULLDOG / STAFFORDSHIRE,BR BRINDLE,17,Don Valley North,SEVERE,OWNERS PROPERTY,2023-12-31
309,M4L,OBI WAN,ROTTWEILER,BLACK / BROWN,14,Toronto-Danforth,NON SEVERE,PUBLIC PROPERTY,2023-12-31
310,M9V,KOPA,ROTTWEILER,BLACK / TAN,01,Etobicoke North,SEVERE,OTHER PRIVATE PROPERTY,2024-01-09
311,M6G,LUCA,GOLDEN RETR / AM PIT BULL TER,GREY / WHITE,11,University-Rosedale,SEVERE,PUBLIC PROPERTY,2024-01-20
312,M6J,PHOENIX,ROTTWEILER,BLACK / TAN,09,Davenport,NON SEVERE,PUBLIC PROPERTY,2024-01-27
313,M5A,CALVIN,BORDER COLLIE,BROWN / WHITE,10,Spadina-Fort York,NON SEVERE,PUBLIC PROPERTY,2024-01-28
314,M4A,KOBE,BOXER / STAFFORDSHIRE,GOLD / WHITE,16,Don Valley East,SEVERE,OTHER PRIVATE PROPERTY,2024-02-03
315,M4A,LUCKY,LABRADOR RETR / STAFFORDSHIRE,BLACK / WHITE,16,Don Valley East,NON SEVERE,OTHER PRIVATE PROPERTY,2024-02-03
316,M1W,LUNA,AM PIT BULL TER / ENG BULLDOG,BLACK / TRICOLOUR,22,Scarborough-Agincourt,NOT A BITE,OTHER PRIVATE PROPERTY,2024-02-05
317,M4S,BELLA,GERM SHEPHERD MIX,BROWN,12,Toronto-St. Paul's,NOT A BITE,PARK - LEASH REQUIRED AREA,2024-02-07
318,M9C,PENTHESILLA,MASTIFF,BLACK,02,Etobicoke Centre,SEVERE,PARK - LEASH REQUIRED AREA,2024-02-12
319,M5P,COOPER,BELG MALINOIS,BR BRINDLE,12,Toronto-St. Paul's,SEVERE,PARK - LEASH FREE AREA,2024-02-17
320,M4E,TITAN,AMER BULLDOG MIX,BEIGE / WHITE,19,Beaches-East York,SEVERE,OTHER PRIVATE PROPERTY,2024-02-20
321,M6J,CUBIK,SAMOYED,WHITE,10,Spadina-Fort York,NON SEVERE,PARK - LEASH REQUIRED AREA,2024-03-03
322,M4L,KING,AMER BULLDOG,WHITE,19,Beaches-East York,NOT A BITE,PUBLIC PROPERTY,2024-03-10
323,M4L,ROCKY,AMER BULLDOG / BOXER,BR BRINDLE,14,Toronto-Danforth,SEVERE,PUBLIC PROPERTY,2024-03-15
324,M9A,MOLLY,AMER BULLDOG,BLACK / GREY,02,Etobicoke Centre,SEVERE,PUBLIC PROPERTY,2024-03-24
325,M9P,CHUKIS/COOKIE,BERNESE MTN DOG / AMER BULLDOG,BROWN,01,Etobicoke North,NON SEVERE,OTHER PRIVATE PROPERTY,2024-03-28
326,M4L,NIKKI,GERM SHEPHERD,BLACK / TAN,19,Beaches-East York,SEVERE,OWNERS PROPERTY,2024-04-13
327,M9C,NELO,LABRADOR RETR / AMER BULLDOG,TAN,02,Etobicoke Centre,SEVERE,PUBLIC PROPERTY,2024-04-30
328,M6K,BULLET,STAFFORDSHIRE MIX,TAN / WHITE,04,Parkdale-High Park,SEVERE,OTHER PRIVATE PROPERTY,2024-05-01
329,M6B,SHADOW,AMER BULLDOG,GREY,08,Eglinton-Lawrence,SEVERE,PARK - LEASH REQUIRED AREA,2024-05-04
330,M9C,MAGGIE,GERM SHEPHERD,BLACK / TAN,02,Etobicoke Centre,VERY SEVERE,PUBLIC PROPERTY,2024-05-04
331,M9P,ASTON,DOBERMAN PINSCH,BLACK / TAN,02,Etobicoke Centre,SEVERE,PUBLIC PROPERTY,2024-05-06
332,M9N,CICI,SIBERIAN HUSKY,WHITE / GREY,05,York South-Weston,VERY SEVERE,OTHER PRIVATE PROPERTY,2024-05-07
333,M9N,LUCKY,AMER BULLDOG,GREY / WHITE,05,York South-Weston,VERY SEVERE,OTHER PRIVATE PROPERTY,2024-05-07
334,M1B,WICK,AMER BULLDOG / ENG BULLDOG,BLUE,23,Scarborough North,NON SEVERE,PARK - LEASH REQUIRED AREA,2024-05-16
335,M1C,MALOTTO,AMER BULLDOG,WHITE / BROWN,25,Scarborough-Rouge Park,SEVERE,PUBLIC PROPERTY,2024-05-21
336,M1C,DIAMOND,MASTIFF MIX,BLACK / WHITE,25,Scarborough-Rouge Park,SEVERE,PUBLIC PROPERTY,2024-05-21
337,M6S,ELSA,ROTTWEILER MIX,BLACK / TAN,04,Parkdale-High Park,SEVERE,OTHER PRIVATE PROPERTY,2024-05-23
338,M6B,ACE,AM PIT BULL TER / ENG BULLDOG,BLACK / WHITE,08,Eglinton-Lawrence,SEVERE,PUBLIC PROPERTY,2024-05-27
339,M1E,REGGIE,GERM SHEPHERD MIX,BLACK / BROWN,25,Scarborough-Rouge Park,SEVERE,PUBLIC PROPERTY,2024-06-01
340,M6K,ONYX,AMER BULLDOG,BLACK / WHITE,10,Spadina-Fort York,NON SEVERE,PARK - LEASH FREE AREA,2024-06-01
341,M6G,HENNY,AMER BULLDOG,FAWN,11,University-Rosedale,SEVERE,PUBLIC PROPERTY,2024-06-02
342,M4N,PENNY,BERNESE MTN DOG / POODLE STND,BLACK / WHITE,15,Don Valley West,NON SEVERE,PUBLIC PROPERTY,2024-06-06
343,M8V,KARMA,AMER BULLDOG / MASTIFF,BROWN / WHITE,03,Etobicoke-Lakeshore,VERY SEVERE,PUBLIC PROPERTY,2024-06-06
344,M1N,ZEUS,AMER BULLDOG,WHITE / TAN,20,Scarborough Southwest,NON SEVERE,PARK - LEASH REQUIRED AREA,2024-06-12
345,M1T,NIPSEY,AMER BULLDOG / LABRADOR RETR,BROWN,22,Scarborough-Agincourt,NON SEVERE,OTHER PRIVATE PROPERTY,2024-06-19
346,M6J,ZELOS,AMER BULLDOG,BLACK / WHITE,09,Davenport,SEVERE,OTHER PRIVATE PROPERTY,2024-06-24
347,No FSA Info,UNKNOWN,UNKNOWN,UNKNOWN,00,No Ward Info,NON SEVERE,OTHER PRIVATE PROPERTY,2024-06-28
348,M1E,SCOTIA,AMER BULLDOG / ENG BULLDOG,GREY,25,Scarborough-Rouge Park,NON SEVERE,OTHER PRIVATE PROPERTY,2024-07-07
349,M4B,BIGGIE,SIBERIAN HUSKY MIX,BLACK / TRICOLOUR,19,Beaches-East York,SEVERE,PUBLIC PROPERTY,2023-12-15
